{
  "version": "hk021-lr-v1",
  "primaryHealthEngine": "HK-004 (rule-based) \u2014 this file is supplementary only",
  "featureNames": [
    "speed_kmh",
    "engine_temp_c",
    "brake_pressure_bar",
    "traction_current_a",
    "signal_quality_pct",
    "fault_code_count",
    "vibration_mm_s",
    "type_te33a",
    "speed_ratio"
  ],
  "mean": [
    53.96118771678582,
    72.74214583333341,
    4.949986458333345,
    384.66479166666664,
    92.83375,
    1.9836458333333333,
    2.4802916666666603,
    0.49625,
    0.7271481249999993
  ],
  "scale": [
    29.04259229692896,
    12.771659820166795,
    0.3513423215326534,
    156.63264257078322,
    6.47635655834623,
    1.4091380490330598,
    2.497635781747213,
    0.49998593730223073,
    0.39774584737071744
  ],
  "coef": [
    -0.5062676681486638,
    0.11965652497559315,
    -0.21061852086150032,
    0.019125884466432347,
    -0.09620545580079058,
    1.3257179474955108,
    -0.01858342399666408,
    0.005531448689720839,
    1.120725301356205
  ],
  "intercept": 0.46170438546463793,
  "classes": [
    0,
    1
  ]
}